symbol,exchange,mic_code,currency,asset_type,company_name
FOX,,,USD,Common Stock,Fox Corporation (Class B)
RDDT,,,USD,Common Stock,Reddit
GOOGL,,,USD,Common Stock,Alphabet Inc. (Class A)
TTWO,,,USD,Common Stock,Take-Two Interactive
NFLX,,,USD,Common Stock,Netflix
LYV,,,USD,Common Stock,Live Nation Entertainment
NWS,,,USD,Common Stock,News Corp (Class B)
GOOG,,,USD,Common Stock,Alphabet Inc. (Class C)
VZ,,,USD,Common Stock,Verizon
CMCSA,,,USD,Common Stock,Comcast
MAR,,,USD,Common Stock,Marriott International
TPR,,,USD,Common Stock,"Tapestry, Inc."
LULU,,,USD,Common Stock,Lululemon Athletica
ULTA,,,USD,Common Stock,Ulta Beauty
LEN,,,USD,Common Stock,Lennar
ROST,,,USD,Common Stock,Ross Stores
DASH,,,USD,Common Stock,DoorDash
GPC,,,USD,Common Stock,Genuine Parts Company
BBY,,,USD,Common Stock,Best Buy
LOW,,,USD,Common Stock,Lowe's
HSY,,,USD,Common Stock,Hershey Company (The)
KMB,,,USD,Common Stock,Kimberly-Clark
PM,,,USD,Common Stock,Philip Morris International
PEP,,,USD,Common Stock,PepsiCo
CL,,,USD,Common Stock,Colgate-Palmolive
MDLZ,,,USD,Common Stock,Mondelez International
KR,,,USD,Common Stock,Kroger
DLTR,,,USD,Common Stock,Dollar Tree
TSN,,,USD,Common Stock,Tyson Foods
STZ,,,USD,Common Stock,Constellation Brands
APA,,,USD,Common Stock,APA Corporation
TRGP,,,USD,Common Stock,Targa Resources
PSX,,,USD,Common Stock,Phillips 66
BKR,,,USD,Common Stock,Baker Hughes
EXE,,,USD,Common Stock,Expand Energy
FANG,,,USD,Common Stock,Diamondback Energy
KMI,,,USD,Common Stock,Kinder Morgan
COP,,,USD,Common Stock,ConocoPhillips
TPL,,,USD,Common Stock,Texas Pacific Land Corporation
SLB,,,USD,Common Stock,Schlumberger
AMP,,,USD,Common Stock,Ameriprise Financial
GPN,,,USD,Common Stock,Global Payments
AIZ,,,USD,Common Stock,Assurant
AFL,,,USD,Common Stock,Aflac
KEY,,,USD,Common Stock,KeyCorp
L,,,USD,Common Stock,Loews Corporation
SPGI,,,USD,Common Stock,S&P Global
MS,,,USD,Common Stock,Morgan Stanley
MA,,,USD,Common Stock,Mastercard
ERIE,,,USD,Common Stock,Erie Indemnity
ABT,,,USD,Common Stock,Abbott Laboratories
BAX,,,USD,Common Stock,Baxter International
LH,,,USD,Common Stock,Labcorp
CNC,,,USD,Common Stock,Centene Corporation
RVTY,,,USD,Common Stock,Revvity
VRTX,,,USD,Common Stock,Vertex Pharmaceuticals
ZBH,,,USD,Common Stock,Zimmer Biomet
HCA,,,USD,Common Stock,HCA Healthcare
STE,,,USD,Common Stock,Steris
COR,,,USD,Common Stock,Cencora
FTV,,,USD,Common Stock,Fortive
MMM,,,USD,Common Stock,3M
EME,,,USD,Common Stock,Emcor
GE,,,USD,Common Stock,GE Aerospace
DAL,,,USD,Common Stock,Delta Air Lines
FDXF,,,USD,Common Stock,FedEx Freight
CARR,,,USD,Common Stock,Carrier Global
NOC,,,USD,Common Stock,Northrop Grumman
ADP,,,USD,Common Stock,Automatic Data Processing
CTAS,,,USD,Common Stock,Cintas
APH,,,USD,Common Stock,Amphenol
TEL,,,USD,Common Stock,TE Connectivity
CRWD,,,USD,Common Stock,CrowdStrike
ACN,,,USD,Common Stock,Accenture
GDDY,,,USD,Common Stock,GoDaddy
ZBRA,,,USD,Common Stock,Zebra Technologies
AVGO,,,USD,Common Stock,Broadcom
JBL,,,USD,Common Stock,Jabil
CDW,,,USD,Common Stock,CDW Corporation
ROP,,,USD,Common Stock,Roper Technologies
DOW,,,USD,Common Stock,Dow Inc.
MOS,,,USD,Common Stock,Mosaic Company (The)
APD,,,USD,Common Stock,Air Products
STLD,,,USD,Common Stock,Steel Dynamics
IFF,,,USD,Common Stock,International Flavors & Fragrances
ECL,,,USD,Common Stock,Ecolab
LIN,,,USD,Common Stock,Linde plc
ALB,,,USD,Common Stock,Albemarle Corporation
SW,,,USD,Common Stock,Smurfit Westrock
CF,,,USD,Common Stock,CF Industries
VMRK,,,USD,Common Stock,Vivmark Residential
IRM,,,USD,Common Stock,Iron Mountain
SPG,,,USD,Common Stock,Simon Property Group
MAA,,,USD,Common Stock,Mid-America Apartment Communities
EQIX,,,USD,Common Stock,Equinix
ESS,,,USD,Common Stock,Essex Property Trust
WELL,,,USD,Common Stock,Welltower
UDR,,,USD,Common Stock,"UDR, Inc."
DOC,,,USD,Common Stock,Healthpeak Properties
ARE,,,USD,Common Stock,Alexandria Real Estate Equities
